Age,Weight,Length,Sex,BMI,DM,HTN,Current Smoker,EX-Smoker,FH,Obesity,CRF,CVA,Airway disease,Thyroid Disease,CHF,DLP,BP,PR,Edema,Weak Peripheral Pulse,Lung rales,Systolic Murmur,Diastolic Murmur,Typical Chest Pain,Dyspnea,Function Class,Atypical,Nonanginal,Exertional CP,LowTH Ang,Q Wave,St Elevation,St Depression,Tinversion,LVH,Poor R Progression,BBB,FBS,CR,TG,LDL,HDL,BUN,ESR,HB,K,Na,WBC,Lymph,Neut,PLT,EF-TTE,Region RWMA,VHD,__y_cad,__y_lad,__y_lcx,__y_rca
53,90,175,Male,29.387755102040817,0,1,1,0,0,Y,N,N,N,N,N,Y,110,80,0,N,N,N,N,0,N,0,N,N,N,N,0,0,1,1,N,N,N,90,0.7,250,155,30.0,8,7,15.6,4.7,141,5700,39,52,261,50,0,N,1,1,0,1
67,70,157,Fmale,28.398718000730252,0,1,0,0,0,Y,N,N,N,N,N,N,140,80,1,N,N,N,N,1,N,0,N,N,N,N,0,0,1,1,N,N,N,80,1.0,309,121,36.0,30,26,13.9,4.7,156,7700,38,55,165,40,4,N,1,1,1,0
54,54,164,Male,20.077334919690664,0,0,1,0,0,N,N,N,N,N,N,N,100,100,0,N,N,N,N,1,N,0,N,N,N,N,0,0,0,0,N,N,N,85,1.0,103,70,45.0,17,10,13.5,4.7,139,7400,38,60,230,40,2,mild,1,1,0,0
66,67,158,Fmale,26.83864765261977,0,1,0,0,0,Y,N,N,N,N,N,N,100,80,0,N,N,N,Y,0,Y,3,N,Y,N,N,0,0,1,0,N,N,N,78,1.2,63,55,27.0,30,76,12.1,4.4,142,13000,18,72,742,55,0,Severe,0,0,0,0
55,80,165,Male,29.384756657483933,0,0,0,1,0,Y,N,N,N,N,N,N,110,80,0,N,N,Y,N,1,N,0,N,N,N,N,1,1,0,1,N,N,N,80,0.8,83,85,34.0,12,38,14.1,4.8,139,9400,58,33,292,40,4,mild,1,1,0,0
60,71,170,Male,24.56747404844291,1,0,0,0,0,N,N,N,N,N,N,N,130,70,0,N,N,N,N,1,Y,2,N,N,N,N,0,0,0,0,N,N,LBBB,209,1.3,80,90,44.0,16,8,13.9,4.6,140,4900,55,42,380,40,2,N,1,0,1,1
80,67,153,Fmale,28.621470374642232,0,1,0,0,0,Y,N,N,N,N,N,Y,140,100,0,N,N,N,N,1,N,3,N,N,N,N,0,0,1,1,N,N,N,85,1.3,104,112,44.0,18,47,10.0,4.3,128,11000,31,66,290,50,3,mild,1,1,1,1
70,70,151,Fmale,30.700407876847507,1,1,0,0,0,Y,N,N,N,N,N,Y,140,84,0,N,N,Y,N,0,N,0,Y,N,N,N,0,0,1,1,Y,N,N,170,1.0,235,148,25.0,12,80,12.3,4.3,148,11300,25,70,380,25,4,Moderate,1,1,0,1
67,63,154,Fmale,26.564344746162927,1,1,0,0,0,Y,N,N,N,N,N,Y,150,74,0,N,N,N,N,0,Y,2,Y,N,N,N,0,0,0,1,N,N,N,183,1.1,358,118,32.0,20,18,14.3,4.5,139,8100,31,65,254,55,2,mild,1,1,0,1
59,81,167,Male,29.043708989207214,1,0,0,0,0,Y,N,N,N,N,N,Y,120,70,0,N,N,N,N,1,Y,0,N,N,N,N,0,0,0,0,N,N,N,218,1.1,130,110,45.0,11,19,13.3,4.7,146,12100,30,70,280,30,0,Moderate,1,1,1,1
41,68,169,Male,23.80869017191275,0,0,1,0,0,N,N,N,N,N,N,N,130,80,0,N,N,Y,N,0,Y,2,N,N,N,N,0,0,0,0,N,N,N,65,1.1,69,130,22.0,14,13,11.4,4.6,148,7800,48,50,199,35,0,Severe,0,0,0,0
60,89,163,Fmale,33.49768527230984,1,1,0,0,0,Y,N,N,N,N,N,N,110,74,0,N,N,N,N,1,N,0,N,N,N,N,0,0,1,0,N,N,N,240,0.9,170,93,46.0,16,17,13.1,3.5,140,3700,30,68,180,55,0,N,1,1,0,1
47,84,170,Fmale,29.065743944636683,0,0,0,0,1,Y,N,N,N,N,N,N,130,70,0,N,N,N,N,0,N,0,Y,N,N,N,0,0,0,0,N,N,N,104,1.0,106,137,42.0,10,12,15.4,4.3,142,6500,40,60,184,50,0,N,1,0,1,0
66,89,151,Fmale,39.03337572913469,0,1,0,0,0,Y,N,N,N,N,N,N,130,80,0,N,N,N,N,1,N,0,N,N,N,N,0,0,0,0,N,N,N,99,1.1,247,139,35.0,16,22,10.0,4.3,143,5600,34,60,194,55,0,N,1,1,1,0
66,75,170,Male,25.95155709342561,1,1,0,0,0,Y,N,N,N,N,N,N,150,80,0,N,N,N,N,1,N,0,N,N,N,N,0,0,1,1,N,N,N,183,1.3,74,99,43.0,15,9,14.9,3.6,135,7600,32,66,184,30,0,N,1,1,1,0
72,66,161,Fmale,25.461980633463213,1,1,0,0,0,Y,N,N,N,N,N,N,160,76,0,N,N,N,N,1,Y,0,N,N,N,N,0,0,0,0,N,N,N,154,0.7,190,112,57.0,12,20,13.5,4.9,138,9600,28,72,190,50,0,N,1,1,0,1
50,66,164,Fmale,24.538964901844146,1,0,0,0,1,N,N,N,N,N,N,N,130,60,0,N,N,N,N,1,N,0,N,N,N,N,0,0,0,1,N,N,N,180,0.9,84,140,40.0,18,12,12.7,4.6,138,5800,31,60,180,50,0,N,1,1,0,0
56,73,173,Male,24.3910588392529,0,0,0,0,0,N,N,N,N,N,N,Y,110,75,0,N,Y,Y,Y,0,Y,2,N,N,N,N,0,0,0,0,N,N,N,84,1.3,103,83,30.0,22,6,14.4,3.2,141,5900,28,72,230,35,0,Severe,0,0,0,0
65,61,150,Fmale,27.11111111111111,1,1,0,0,0,Y,N,N,N,N,N,Y,140,82,0,N,N,N,N,1,N,0,N,N,N,N,0,0,0,0,N,N,N,192,1.9,190,82,44.0,30,25,12.4,3.9,146,8100,44,52,290,45,0,mild,1,0,1,0
59,75,156,Fmale,30.818540433925047,0,0,0,0,0,Y,N,N,N,N,N,Y,135,80,0,N,N,N,N,1,N,2,N,N,N,N,0,0,0,0,N,N,RBBB,120,0.9,282,156,53.0,12,58,12.6,3.2,150,5800,29,63,198,50,0,mild,1,1,0,0
52,74,180,Male,22.839506172839506,1,1,0,0,0,N,N,N,Y,N,N,Y,130,64,0,N,N,N,N,1,Y,2,N,N,N,N,0,0,1,0,N,N,N,225,0.9,177,113,53.0,22,6,14.3,4.3,146,6600,49,48,178,55,2,mild,1,0,1,1
55,76,150,Fmale,33.77777777777778,1,0,0,0,1,Y,N,N,N,N,N,N,120,74,0,N,N,N,N,1,N,0,N,N,N,N,0,0,1,0,N,N,N,201,0.8,167,140,44.0,20,25,12.0,5.4,143,6800,32,63,289,50,0,mild,1,1,1,1
60,79,174,Male,26.09327520147972,1,1,0,0,0,Y,N,N,N,N,N,Y,130,70,0,N,N,N,N,1,N,0,N,N,N,N,0,0,0,0,N,N,N,84,1.5,242,167,39.0,24,12,13.2,4.4,139,5100,50,40,156,55,2,mild,1,1,1,1
69,65,153,Fmale,27.76709812465291,0,1,0,0,0,Y,N,N,N,N,N,Y,140,64,0,N,N,N,N,1,Y,2,N,N,N,N,0,0,0,0,N,N,N,95,1.1,198,94,47.0,14,46,10.0,5.0,138,6000,40,55,180,55,2,mild,1,1,1,0
43,74,149,Fmale,33.331831899463985,0,1,0,0,0,Y,N,N,N,N,N,N,180,80,0,N,N,N,N,0,Y,0,N,Y,N,N,0,0,1,1,N,N,N,90,0.8,123,110,47.0,10,11,12.7,3.8,142,6100,44,50,295,55,0,N,0,0,0,0
51,72,171,Male,24.622960911049557,0,0,0,0,1,N,N,N,N,N,N,N,110,70,0,N,Y,N,N,1,N,2,N,N,N,N,1,0,1,0,N,N,N,80,0.8,140,104,37.0,10,17,11.5,4.3,138,7100,19,70,118,35,4,mild,1,1,1,1
57,80,161,Fmale,30.86300682844026,0,1,0,0,0,Y,N,N,N,N,N,N,140,80,0,N,N,N,N,1,Y,0,N,N,N,N,0,0,0,0,Y,N,N,106,0.9,90,77,36.0,19,11,13.0,4.3,141,5800,42,41,222,45,0,mild,1,1,1,1
53,61,154,Fmale,25.72103221453871,0,0,0,0,0,Y,N,N,N,N,N,N,135,100,0,N,N,Y,Y,0,Y,3,N,N,N,N,0,0,0,0,N,N,N,84,0.8,75,171,45.0,15,17,14.0,3.9,140,7900,31,60,261,55,0,Severe,0,0,0,0
61,70,162,Fmale,26.672763298277697,1,1,0,0,0,Y,N,Y,N,N,N,N,140,70,0,N,N,N,N,0,N,0,Y,N,N,N,0,0,0,0,N,N,N,105,1.0,99,98,36.0,17,20,13.4,3.5,142,5300,40,52,174,45,0,mild,1,0,0,1
73,78,163,Male,29.357521924046825,0,1,0,0,0,Y,N,N,N,N,N,N,140,80,0,N,N,Y,Y,0,Y,2,Y,N,N,N,0,0,0,1,N,N,N,83,1.4,110,97,52.0,23,3,14.5,4.5,145,5300,38,49,172,45,0,Moderate,1,0,1,0
73,54,154,Fmale,22.76943835385394,0,0,0,0,0,N,N,N,N,N,N,N,120,70,0,N,N,N,N,1,N,0,N,N,N,N,0,0,1,0,N,N,N,106,0.8,115,112,43.0,14,31,11.2,4.1,142,6700,17,76,221,40,4,mild,1,1,0,1
48,76,172,Male,25.689561925365066,0,0,1,0,1,Y,N,N,N,N,N,N,120,70,0,N,N,N,N,0,N,0,N,N,N,N,0,0,1,0,N,N,N,101,1.1,180,90,27.0,9,12,14.0,4.0,139,14000,30,70,261,55,2,N,1,0,0,1
53,80,170,Male,27.68166089965398,0,1,1,0,0,Y,N,N,N,N,N,N,130,75,0,N,N,N,N,1,N,0,N,N,N,N,0,0,0,1,N,N,N,123,0.9,82,94,31.0,11,36,14.5,3.7,141,6800,21,67,227,40,1,mild,1,1,1,1
65,79,170,Fmale,27.33564013840831,1,1,0,0,0,Y,N,N,N,N,N,N,170,90,0,N,N,Y,Y,1,Y,2,N,N,N,N,0,0,0,0,N,N,N,210,1.0,85,90,55.0,17,13,13.1,4.2,139,5000,28,65,253,55,1,Moderate,1,1,1,1
70,66,164,Male,24.538964901844146,0,1,0,0,0,N,N,N,N,N,N,N,130,76,0,N,N,N,N,1,N,2,N,N,N,N,0,0,1,1,N,N,N,70,1.4,132,120,49.0,33,15,13.0,4.4,136,5800,38,49,186,45,2,mild,1,1,1,1
47,75,177,Male,23.93948099205209,0,1,0,0,0,N,N,N,N,N,N,N,160,70,0,N,N,N,N,0,N,0,Y,N,N,N,0,0,0,0,N,N,N,95,0.9,126,90,40.0,11,1,15.3,4.4,138,7600,30,63,217,45,0,mild,0,0,0,0
41,120,183,Male,35.83266147093075,1,1,0,0,1,Y,N,N,N,N,N,N,130,70,0,N,N,N,N,0,N,0,Y,N,N,N,0,0,0,0,N,N,N,125,0.9,190,145,45.0,12,2,15.2,5.0,141,6900,41,50,252,55,0,N,1,1,0,1
68,88,159,Fmale,34.80874965389027,1,1,0,0,0,Y,N,N,N,N,N,N,160,70,0,N,N,N,N,0,Y,2,N,N,N,N,0,0,0,0,N,N,N,96,1.3,310,170,30.0,23,20,12.4,6.6,145,6100,33,56,261,50,1,mild,1,1,1,1
53,73,153,Fmale,31.184587124610193,0,1,0,0,0,Y,N,N,N,N,N,N,130,80,0,N,N,N,N,1,N,2,N,N,N,N,0,0,1,1,N,N,N,104,0.6,250,85,35.0,13,13,12.8,4.3,144,5300,31,59,339,55,0,mild,1,0,1,0
53,76,157,Fmale,30.832893829364274,1,1,0,0,0,Y,N,N,N,N,N,N,130,80,0,N,N,N,N,1,Y,2,N,N,N,N,0,0,1,1,N,N,N,89,0.9,103,100,55.0,18,21,12.1,4.4,145,6000,30,60,199,46,3,N,1,1,0,0
30,70,168,Male,24.801587301587304,0,1,0,0,0,N,N,N,N,N,N,N,140,70,0,N,N,N,N,1,N,0,N,N,N,N,0,0,0,0,N,N,N,92,1.0,290,140,30.0,17,2,13.8,4.0,144,7700,36,50,350,55,0,mild,0,0,0,0
47,50,162,Fmale,19.05197378448407,1,1,0,0,0,N,N,N,N,N,N,Y,120,70,0,N,N,N,N,0,Y,2,N,Y,N,N,0,0,0,0,N,N,N,90,0.7,90,110,44.0,9,12,13.1,4.2,149,5800,40,50,218,50,0,N,0,0,0,0
52,70,162,Fmale,26.672763298277697,1,1,0,0,0,Y,N,N,N,N,N,Y,130,70,0,N,N,N,N,0,Y,2,Y,N,N,N,0,0,0,0,N,N,N,110,0.9,110,89,43.0,9,12,13.2,4.4,143,4900,55,32,218,55,0,N,0,0,0,0
62,58,175,Male,18.93877551020408,0,1,0,0,0,N,N,N,N,N,N,N,140,70,0,N,N,N,N,1,Y,2,N,N,N,N,0,0,0,0,N,N,N,109,1.4,76,112,40.0,16,50,13.0,4.0,140,9200,27,65,178,35,0,mild,1,1,1,1
55,77,164,Male,28.628792385484836,0,1,0,0,0,Y,N,N,N,N,N,N,140,80,0,N,N,Y,N,1,Y,2,N,N,N,N,0,0,0,0,Y,N,N,115,1.0,65,121,39.0,21,21,13.9,4.5,140,7500,32,51,301,50,0,Moderate,1,1,0,0
60,82,168,Male,29.053287981859416,0,1,1,0,0,Y,N,N,Y,N,N,N,180,70,0,N,N,Y,N,1,Y,3,N,N,N,N,0,0,0,0,Y,N,N,104,1.0,72,80,55.0,22,9,15.8,4.5,138,7900,29,60,213,55,0,Severe,1,0,0,1
49,70,166,Fmale,25.402816083611555,0,1,0,0,0,Y,N,N,N,N,N,Y,120,70,0,N,N,N,N,1,N,2,N,N,N,N,0,0,0,0,N,N,N,103,1.5,70,75,66.0,14,8,11.5,3.8,142,4200,41,50,212,60,0,mild,1,1,0,0
70,78,150,Fmale,34.666666666666664,1,1,0,0,0,Y,Y,N,N,N,N,Y,180,80,0,N,N,N,N,1,Y,2,N,N,N,N,0,0,0,0,N,N,N,146,0.8,250,142,35.0,12,36,12.6,3.9,142,7000,44,50,290,45,0,mild,1,1,0,0
66,69,178,Male,21.777553339224845,0,0,1,0,0,N,N,N,N,N,N,N,120,80,0,N,N,N,N,1,Y,2,N,N,N,N,0,0,0,0,N,N,RBBB,72,0.7,50,55,35.0,13,3,13.3,4.2,142,5200,29,56,188,40,2,mild,1,1,1,0
55,76,170,Male,26.29757785467128,0,0,1,0,1,Y,N,N,N,N,N,N,90,100,0,N,Y,Y,N,1,N,0,N,N,N,N,0,1,0,1,N,N,N,175,0.8,167,91,24.0,21,14,14.2,5.6,131,5500,22,65,232,25,3,mild,1,1,0,0
86,64,162,Male,24.38652644413961,1,1,0,0,0,N,N,N,N,N,N,Y,160,68,0,N,Y,N,N,0,Y,0,Y,N,N,N,0,0,0,0,N,N,N,270,1.5,62,157,51.0,43,15,15.6,5.0,142,14500,44,50,297,50,0,mild,1,1,1,0
52,98,160,Fmale,38.28124999999999,1,1,0,0,1,Y,N,N,N,N,N,Y,105,75,0,N,N,N,N,1,N,3,N,N,N,N,0,0,1,1,N,N,N,130,1.2,260,100,47.0,19,10,14.5,4.4,138,9400,30,65,208,45,0,N,1,0,0,1
59,65,168,Fmale,23.030045351473927,0,0,0,0,1,N,N,N,N,N,N,Y,125,75,0,N,N,N,N,1,Y,0,N,N,N,N,0,0,0,0,N,N,N,99,0.7,98,122,45.0,13,15,13.6,4.7,145,7100,44,47,265,55,0,N,1,0,1,0
81,76,165,Male,27.915518824609737,0,1,0,0,0,Y,N,N,N,N,N,Y,180,80,0,N,N,N,N,1,N,0,N,N,N,N,0,0,1,1,N,N,N,91,1.2,98,114,36.0,17,21,8.9,4.2,143,6300,30,60,216,60,0,N,1,1,1,1
63,68,171,Male,23.25501863821347,1,1,0,0,0,N,Y,N,N,N,N,N,160,70,0,N,N,N,N,1,Y,0,N,N,N,N,1,1,0,0,N,N,N,187,1.2,83,75,37.0,12,49,12.4,3.6,136,4100,25,65,230,35,0,mild,1,1,1,1
56,82,175,Male,26.775510204081634,0,0,1,0,0,Y,N,N,N,N,N,N,120,78,0,N,N,N,N,1,N,0,N,N,N,N,0,0,0,0,N,N,N,112,0.9,84,111,44.0,9,11,15.7,4.4,143,8900,30,61,186,55,0,N,1,0,1,1
65,73,165,Male,26.813590449954088,0,1,1,0,0,Y,N,N,N,N,N,N,130,65,0,N,N,N,N,1,Y,2,N,N,N,N,0,0,0,0,N,N,N,87,0.8,125,232,61.0,12,10,15.0,4.5,145,7200,26,62,191,45,0,N,0,1,0,0
77,65,172,Male,21.971335857220122,0,1,0,0,0,N,N,N,Y,N,N,N,125,72,0,N,N,N,N,0,Y,2,Y,N,N,N,0,0,0,1,N,N,N,98,0.8,115,112,43.0,12,16,15.5,4.0,139,8500,17,73,189,40,2,mild,1,1,1,0
61,56,158,Male,22.432302515622492,0,0,0,0,0,N,N,N,N,N,N,N,100,50,0,N,N,Y,N,1,Y,0,N,N,N,N,0,0,0,1,N,N,N,79,0.8,74,39,28.0,16,5,14.2,3.9,139,4200,30,56,214,30,0,mild,1,1,0,0
76,73,177,Male,23.301094832264035,1,1,1,0,1,N,Y,N,N,N,N,N,130,75,0,N,N,N,Y,0,Y,0,N,N,N,N,0,0,1,1,N,N,N,136,2.2,92,40,24.0,52,66,9.4,4.4,132,7300,17,62,330,40,0,N,1,1,0,0
60,62,152,Fmale,26.83518005540166,0,1,0,0,0,Y,N,N,N,N,N,Y,110,80,0,N,N,N,N,1,N,0,N,N,N,N,0,1,0,1,N,N,N,97,0.9,171,168,46.0,14,30,12.5,4.8,143,9900,35,55,281,40,2,Severe,1,1,1,1
49,90,160,Fmale,35.15624999999999,1,1,0,0,0,Y,N,N,N,N,N,N,100,70,0,N,N,N,N,0,Y,2,N,N,N,N,1,1,0,0,N,N,N,167,1.1,173,93,29.0,26,80,11.5,4.0,138,11400,30,61,300,40,2,mild,1,1,0,0
75,66,156,Male,27.12031558185404,0,1,0,0,0,Y,N,N,Y,N,N,N,130,70,1,N,Y,Y,N,0,Y,0,Y,N,N,N,0,0,0,0,N,N,N,90,1.3,190,180,29.0,21,16,11.8,3.1,138,9200,18,75,214,50,0,Severe,1,1,1,1
60,64,168,Male,22.67573696145125,0,0,0,0,0,N,N,N,Y,N,N,N,130,70,0,N,N,N,N,0,Y,0,Y,N,N,N,0,0,0,0,N,N,N,84,1.0,90,89,55.0,17,12,10.8,4.0,139,4100,42,45,156,55,0,N,0,0,0,0
64,80,153,Fmale,34.17488999957281,1,1,1,0,0,Y,N,N,Y,N,N,Y,160,70,0,N,N,N,N,1,N,0,N,N,N,N,0,0,0,0,N,N,N,184,0.7,170,100,39.0,17,18,11.9,4.3,134,4700,44,49,174,50,0,N,1,0,1,1
48,79,166,Male,28.668892437218755,0,0,1,0,0,Y,N,N,N,N,N,N,100,68,0,N,N,N,N,0,N,0,Y,N,N,N,0,0,0,1,N,N,N,83,1.0,204,137,52.0,18,15,14.2,4.9,145,5300,41,50,170,50,0,N,1,0,1,0
65,76,173,Male,25.393431120318084,1,1,0,0,0,Y,N,N,N,N,N,Y,130,70,0,N,N,N,N,1,N,0,N,N,N,N,0,0,0,0,N,N,N,111,1.1,145,112,46.0,13,10,11.9,3.4,142,5200,32,62,158,55,0,mild,1,0,1,1
51,80,170,Fmale,27.68166089965398,0,1,0,0,0,Y,N,N,N,N,N,N,120,70,0,N,N,N,N,0,N,0,Y,N,N,N,0,0,0,0,N,N,N,87,0.9,75,114,38.0,6,17,14.1,3.7,143,5500,34,60,228,55,0,N,0,0,0,0
59,81,168,Male,28.69897959183674,1,1,0,0,0,Y,N,N,N,N,N,Y,120,110,0,N,N,N,N,1,N,0,N,N,N,N,0,0,0,0,N,N,N,218,1.8,104,112,54.0,16,19,13.3,5.1,153,12100,15,81,170,15,4,Moderate,1,1,1,1
59,75,170,Male,25.95155709342561,1,1,0,0,0,Y,N,N,N,N,N,Y,150,80,0,N,N,N,N,1,N,0,N,N,N,N,0,0,0,0,N,N,N,197,1.1,125,99,33.0,20,11,13.3,4.4,142,5800,45,48,183,55,0,N,1,0,1,1
66,92,177,Male,29.365763350250564,0,1,1,0,0,Y,N,N,Y,N,N,N,140,70,0,N,N,N,N,1,N,0,N,N,N,N,0,0,0,1,N,N,N,120,1.1,115,110,30.0,17,15,14.6,3.9,148,4500,27,63,170,45,0,mild,1,1,1,0
49,80,160,Fmale,31.249999999999993,1,1,0,0,0,Y,N,N,N,N,N,Y,140,90,0,N,N,N,N,1,Y,2,N,N,N,N,0,0,0,1,N,N,N,320,0.7,259,43,33.0,13,22,11.5,4.3,139,7700,34,58,246,45,0,N,1,1,0,0
56,75,168,Male,26.573129251700685,0,0,0,1,0,Y,N,N,N,N,N,N,130,90,0,N,N,Y,N,1,Y,0,N,N,N,N,0,0,0,0,N,N,N,87,1.2,447,119,39.0,18,6,14.0,4.3,143,5900,40,50,200,40,0,Moderate,1,1,1,1
36,60,165,Fmale,22.03856749311295,1,0,1,0,0,N,N,N,N,N,N,N,125,70,0,N,N,N,N,0,Y,0,N,N,N,N,0,0,0,1,N,N,N,400,0.9,90,69,42.0,15,21,11.1,4.3,143,6000,30,63,172,45,2,N,1,1,0,0
52,55,169,Male,19.257028815517668,0,1,1,0,0,N,N,N,N,N,N,N,120,80,0,N,N,N,N,1,N,0,N,N,N,N,0,0,0,0,N,N,N,71,0.8,163,90,41.0,10,7,14.7,3.7,142,7100,33,60,211,55,1,N,1,1,1,1
72,54,148,Male,24.653031409788166,0,0,0,0,0,N,N,N,N,N,N,N,120,70,0,N,Y,N,N,1,N,0,N,N,N,N,1,1,0,0,N,N,N,95,0.9,67,83,46.0,20,39,15.0,4.6,146,8600,33,66,247,35,0,mild,1,1,0,1
79,63,160,Male,24.609374999999996,0,0,0,0,0,N,N,N,N,N,N,N,130,60,0,N,N,N,N,1,N,0,N,N,N,N,0,0,0,1,N,N,N,75,1.1,145,107,44.0,14,16,14.8,4.8,145,7200,36,52,240,40,1,mild,1,1,0,0
62,97,167,Male,34.78073792534691,0,1,1,0,0,Y,N,N,N,N,N,N,180,80,0,N,N,N,N,0,N,0,Y,N,N,N,0,0,0,0,N,N,LBBB,84,1.2,77,56,37.0,20,4,11.6,3.9,138,7300,25,70,195,35,2,N,1,1,0,1
55,60,165,Male,22.03856749311295,0,0,0,0,0,N,N,N,N,N,N,Y,120,68,0,N,N,Y,Y,0,Y,2,N,N,N,N,0,0,0,0,N,N,N,77,1.1,90,66,45.0,17,9,13.6,3.9,140,9000,23,74,207,35,0,Severe,0,0,0,0
55,84,187,Male,24.021275987303035,1,0,0,0,0,N,N,N,N,N,N,N,130,80,0,N,N,N,N,1,N,0,N,N,N,N,0,0,0,0,N,N,RBBB,174,0.8,128,72,37.0,16,37,13.1,4.0,136,7100,34,60,190,40,2,mild,1,1,0,0
60,83,165,Male,30.48668503213958,0,0,0,0,1,Y,N,N,N,N,N,Y,130,70,0,N,N,Y,N,1,N,0,N,N,N,N,0,0,1,0,N,N,N,91,1.0,371,60,48.0,12,8,14.7,4.4,140,7700,32,55,194,55,0,N,1,1,0,1
50,61,158,Fmale,24.435186668803073,0,1,0,0,0,N,N,N,N,Y,N,N,120,70,0,N,N,N,N,0,N,0,Y,N,N,N,0,0,0,0,N,N,N,94,1.1,130,70,40.0,22,19,12.3,4.1,142,6300,23,67,213,50,0,mild,0,0,0,0
51,66,176,Male,21.306818181818183,1,1,0,0,0,N,N,N,N,N,N,Y,150,84,0,N,N,N,N,1,N,0,N,N,N,N,0,0,0,0,N,Y,N,200,1.0,96,87,36.0,14,8,13.5,4.5,144,10000,8,86,145,45,0,mild,1,1,1,1
80,60,174,Male,19.817677368212443,1,1,0,0,0,N,N,N,N,N,N,Y,140,80,0,N,N,N,N,1,Y,0,N,N,N,N,0,0,0,0,N,N,N,139,1.0,79,60,49.0,19,17,9.9,5.1,136,11300,12,76,170,40,0,mild,1,1,1,1
47,75,165,Fmale,27.548209366391188,0,0,0,0,0,Y,N,N,Y,N,N,N,120,90,0,N,N,N,N,1,N,0,N,N,N,N,0,0,0,0,N,N,N,84,1.1,97,83,24.0,13,15,12.8,3.8,137,9000,23,67,201,45,3,mild,1,1,0,0
46,70,150,Fmale,31.11111111111111,1,1,0,0,0,Y,N,N,N,N,N,Y,140,90,0,N,N,N,N,1,N,0,N,N,N,N,0,0,0,0,N,N,N,144,0.9,381,72,49.0,24,27,12.9,4.9,137,6600,31,49,200,50,2,N,1,1,0,0
52,64,150,Fmale,28.444444444444443,0,0,0,0,0,Y,N,N,N,N,N,Y,90,70,0,N,N,N,N,0,Y,0,Y,N,N,N,0,0,0,0,N,N,LBBB,92,0.9,90,88,52.0,13,15,13.4,4.0,142,5300,43,50,175,55,0,mild,0,0,0,0
45,82,175,Male,26.775510204081634,0,0,1,0,0,Y,N,N,N,N,N,N,110,70,0,N,N,N,N,1,N,0,N,N,N,N,1,0,0,1,N,N,N,96,1.0,1050,76,44.0,19,2,17.6,4.0,140,6800,30,64,214,40,0,mild,1,1,1,1
70,72,165,Male,26.44628099173554,1,1,0,0,0,Y,N,N,N,N,N,Y,135,70,0,N,N,N,N,0,N,0,Y,N,N,N,0,0,0,1,N,N,N,136,1.5,103,94,32.0,28,6,15.4,4.3,138,6900,28,70,199,50,0,N,1,1,1,1
71,60,157,Fmale,24.341758286340216,0,1,0,0,1,N,N,N,N,N,N,Y,130,60,0,N,N,N,N,1,N,0,N,N,N,N,0,0,1,1,N,N,N,82,1.2,130,124,42.0,33,41,13.6,5.4,138,15400,7,85,259,55,0,N,1,1,1,1
63,64,160,Fmale,24.999999999999996,1,1,0,0,0,Y,N,N,N,N,N,Y,140,70,0,N,N,N,N,0,Y,2,Y,N,N,N,0,0,0,0,N,N,N,156,1.2,116,92,33.0,18,9,12.4,4.4,142,6800,32,58,240,55,0,mild,0,0,0,0
60,82,170,Male,28.373702422145332,0,0,0,0,0,Y,N,N,N,N,N,N,120,70,0,N,N,N,N,1,Y,2,N,N,N,N,1,0,0,1,N,N,N,95,1.1,62,42,39.0,20,2,12.5,4.4,136,3700,34,53,172,40,0,N,1,0,0,1
58,86,168,Male,30.470521541950117,0,0,1,0,0,Y,N,N,N,N,N,N,120,70,0,N,N,Y,N,1,N,2,N,N,N,N,0,0,0,0,N,N,N,100,1.3,127,71,38.0,17,40,12.8,4.1,145,9100,20,68,173,50,1,N,1,1,1,0
57,103,184,Male,30.42296786389414,0,0,0,0,0,Y,N,N,N,N,N,Y,130,76,0,N,N,N,N,0,N,0,N,Y,N,N,0,0,0,0,N,N,N,101,1.1,140,112,44.0,8,12,14.3,4.6,139,8100,33,62,190,45,1,N,1,1,1,1
62,67,177,Male,21.38593635289987,1,0,0,0,0,N,N,N,N,N,N,Y,110,70,0,N,N,N,N,0,Y,0,Y,N,N,N,0,0,0,0,N,N,N,70,1.2,190,150,44.0,23,12,13.3,3.8,146,9200,40,54,145,55,2,N,1,0,1,1
63,78,169,Male,27.309968138370508,1,0,0,0,0,Y,N,N,N,N,N,N,130,68,0,N,N,N,N,1,Y,2,N,N,N,N,0,0,0,0,N,Y,N,112,1.0,93,75,28.0,24,1,17.0,4.0,135,7200,27,59,210,45,0,mild,1,0,0,1
72,75,153,Fmale,32.038959374599514,0,1,0,0,0,Y,N,N,N,N,N,N,190,80,0,N,N,N,N,1,N,0,N,N,N,N,0,0,1,1,N,N,N,160,1.4,142,180,30.0,15,18,9.0,4.0,143,8600,31,65,181,45,0,mild,1,1,0,0
68,48,154,Male,20.23950075898128,0,1,0,0,0,N,N,N,N,N,N,N,120,70,0,N,N,N,N,1,Y,0,N,N,N,N,0,0,1,0,N,N,N,90,1.0,74,85,49.0,17,29,11.0,4.2,134,6900,20,80,267,50,1,N,1,1,0,0
74,88,168,Male,31.17913832199547,0,1,0,0,0,Y,N,N,N,N,N,Y,140,80,1,Y,N,N,N,1,Y,2,N,N,N,N,0,0,0,0,Y,N,N,117,1.2,146,103,40.0,21,33,14.3,5.1,141,10400,18,72,197,40,0,N,1,1,1,1
70,64,150,Fmale,28.444444444444443,0,1,0,0,1,Y,N,N,N,N,N,Y,100,68,0,N,N,N,N,0,Y,2,Y,N,N,N,0,0,0,0,N,N,N,102,1.2,198,121,36.0,22,15,12.8,4.3,138,4200,30,70,174,50,1,mild,1,1,0,0
50,81,152,Fmale,35.05886426592798,0,1,0,0,0,Y,N,N,N,N,N,N,160,80,0,N,N,N,N,0,Y,0,Y,N,N,N,0,0,0,0,N,N,LBBB,131,0.8,75,100,28.0,25,15,12.5,4.9,144,6200,35,58,200,55,0,mild,0,0,0,0
44,60,154,Fmale,25.2993759487266,0,0,0,0,1,Y,N,N,N,N,N,N,130,80,0,N,N,Y,N,0,Y,2,Y,N,N,N,0,0,0,0,N,N,N,111,1.0,104,142,47.0,10,3,10.5,4.2,142,8300,26,66,242,50,0,mild,0,0,0,0
43,108,170,Fmale,37.37024221453288,1,0,0,0,0,Y,N,N,N,N,N,Y,110,70,0,N,N,N,N,0,N,0,Y,N,N,N,0,0,0,0,N,N,N,210,0.9,128,122,48.0,15,23,12.3,5.2,140,7700,30,60,227,55,0,N,0,0,0,0
50,73,160,Fmale,28.515624999999993,0,1,0,0,1,Y,N,N,N,N,N,Y,180,100,0,N,N,N,N,1,N,0,N,N,N,N,0,0,1,1,N,N,N,127,0.7,300,213,54.0,10,9,12.6,3.7,139,7500,33,60,200,55,0,N,1,1,0,0
68,60,150,Fmale,26.666666666666668,1,1,0,0,0,Y,N,N,Y,N,N,N,130,80,0,N,N,N,N,1,N,0,N,N,N,N,0,0,0,0,N,Y,N,360,1.3,235,70,30.0,52,55,11.0,3.9,150,8600,28,70,190,55,0,mild,1,1,1,1
63,88,175,Male,28.73469387755102,1,1,1,0,0,Y,N,N,N,N,N,N,140,80,0,N,N,N,N,1,N,0,N,N,N,N,0,0,0,1,N,Y,N,142,1.2,195,77,25.0,20,30,11.0,4.5,140,4700,29,61,131,20,3,N,1,1,1,1
48,87,169,Male,30.461118308182492,0,1,0,0,0,Y,N,N,N,N,N,N,140,70,0,N,N,N,N,0,N,0,Y,N,N,N,0,1,0,0,N,N,N,96,1.1,148,115,50.0,12,12,13.9,4.7,141,7500,35,51,214,45,0,mild,1,1,0,0
62,100,176,Male,32.28305785123967,0,0,0,0,0,Y,N,N,N,N,N,N,120,80,0,N,N,N,N,0,Y,0,Y,N,N,N,0,0,0,0,N,N,N,90,1.1,95,112,45.0,14,31,11.6,4.1,142,6600,29,69,200,45,0,N,1,1,0,1
65,65,160,Fmale,25.390624999999996,1,0,0,0,0,Y,N,N,Y,N,N,Y,120,70,0,N,N,N,N,1,Y,2,N,N,N,N,0,0,0,0,N,N,LBBB,260,1.2,161,64,46.0,26,34,9.9,4.5,134,14700,40,49,354,30,0,mild,1,1,1,0
76,85,179,Male,26.528510346119035,0,1,0,0,0,Y,N,N,N,N,N,N,130,80,0,N,N,N,N,0,Y,2,N,N,N,N,0,0,0,0,N,N,N,78,0.8,88,88,39.0,16,16,14.2,3.7,146,16000,11,83,170,50,0,mild,1,1,1,1
66,65,140,Fmale,33.163265306122454,0,1,0,0,0,Y,N,N,N,N,N,Y,115,80,0,N,N,N,N,1,Y,0,N,N,N,N,0,0,0,0,N,N,N,88,0.9,152,101,42.0,13,20,13.0,4.3,144,9100,46,49,269,55,0,mild,0,0,0,0
50,75,176,Male,24.212293388429753,0,1,0,0,0,N,N,N,N,N,N,N,125,75,0,N,N,N,N,0,N,0,N,Y,N,N,0,0,0,1,N,N,N,90,1.2,140,142,43.0,15,12,14.1,4.9,140,5500,47,48,214,55,2,mild,0,0,0,0
79,57,171,Male,19.493177387914233,0,0,0,0,0,N,N,N,N,N,N,N,110,70,0,N,N,N,N,0,Y,0,N,N,N,N,0,0,0,0,N,N,RBBB,100,1.3,85,58,36.0,30,3,13.3,4.9,138,5700,22,68,187,15,0,Moderate,0,0,0,0
70,71,171,Male,24.280975342840534,0,1,0,0,0,N,N,N,N,N,N,N,140,80,0,N,N,N,N,1,N,0,N,N,N,N,0,0,0,0,Y,N,N,87,1.2,102,68,34.0,27,16,11.8,3.9,141,8600,39,51,225,45,0,mild,1,1,1,0
54,67,164,Male,24.910767400356935,0,0,0,0,0,N,N,N,N,N,N,N,110,70,0,N,N,N,N,0,N,0,Y,N,N,N,0,0,0,0,N,N,N,94,1.0,37,18,22.0,22,4,13.8,4.6,146,6500,38,52,186,55,0,mild,0,0,0,0
46,73,160,Fmale,28.515624999999993,0,0,0,0,1,Y,N,N,N,N,N,Y,130,80,0,N,N,Y,Y,0,N,0,Y,N,N,N,0,0,0,0,N,N,N,94,1.1,75,100,28.0,15,14,12.0,4.3,140,5300,28,71,188,50,0,mild,0,0,0,0
62,63,160,Fmale,24.609374999999996,1,1,0,0,0,N,N,N,N,N,N,N,140,80,0,N,N,N,N,1,N,0,N,N,N,N,0,0,1,0,N,N,N,161,0.8,52,47,61.0,12,17,11.9,5.0,148,4600,38,55,200,50,0,mild,1,0,0,1
64,64,152,Fmale,27.700831024930746,0,1,0,0,0,Y,N,N,N,N,N,Y,130,80,0,Y,N,N,N,1,Y,2,N,N,N,N,0,0,0,0,Y,N,N,91,0.8,190,113,42.0,15,11,13.6,4.4,142,6700,31,64,25,45,0,mild,1,1,0,0
47,82,173,Male,27.39817568244846,0,1,1,0,0,Y,N,N,N,N,N,Y,140,80,0,N,N,N,N,0,N,0,Y,N,N,N,0,0,0,0,N,N,N,104,1.2,76,77,26.0,21,2,15.0,4.1,142,6000,28,66,208,40,0,mild,0,0,0,0
57,90,168,Fmale,31.88775510204082,0,1,0,0,1,Y,N,N,N,N,N,Y,130,70,0,N,N,N,N,1,Y,2,N,N,N,N,0,0,1,0,N,N,N,114,0.9,90,60,44.0,18,16,13.4,3.2,140,9800,21,70,184,50,0,mild,1,1,0,0
44,79,165,Male,29.017447199265384,1,1,0,0,0,Y,N,N,N,N,N,N,160,90,0,N,N,N,N,0,Y,2,Y,N,N,N,0,0,0,0,N,N,LBBB,96,0.9,120,110,44.0,30,15,14.4,3.9,132,5500,40,60,193,20,0,Moderate,0,0,0,0
71,78,164,Male,29.000594883997625,0,1,0,0,0,Y,N,N,N,N,N,N,130,70,0,N,N,N,N,1,N,2,N,N,N,N,0,0,0,0,N,N,N,84,1.7,112,110,45.0,30,5,16.0,4.6,141,4100,32,62,173,45,3,mild,1,1,1,1
41,86,155,Fmale,35.796045785639954,1,1,0,0,0,Y,N,N,N,Y,N,N,120,60,0,N,N,N,N,0,Y,2,Y,N,N,N,0,0,0,0,N,N,N,90,1.2,152,131,35.0,12,41,13.3,4.1,142,9300,43,50,249,50,0,N,0,0,0,0
50,89,159,Fmale,35.20430362722993,0,0,0,0,1,Y,N,N,N,N,N,Y,110,65,0,N,N,N,N,1,Y,2,N,N,N,N,0,0,0,0,N,N,N,90,0.9,95,140,35.0,18,14,12.9,4.3,143,7900,30,65,260,55,0,N,0,0,0,0
60,57,174,Male,18.826793499801823,1,1,0,0,0,N,N,N,N,N,N,N,140,80,0,N,N,Y,N,1,N,0,N,N,N,N,0,0,0,1,N,N,N,234,1.1,150,110,40.0,19,8,14.2,4.0,140,7000,36,60,184,55,0,mild,1,1,0,0
38,66,166,Fmale,23.95122659311947,0,0,0,0,1,N,N,N,N,N,N,N,110,70,0,N,N,N,N,0,Y,3,Y,N,N,N,0,0,0,0,N,N,N,80,0.6,41,119,82.0,10,28,10.0,3.7,143,5500,39,53,236,55,0,N,0,0,0,0
73,76,170,Male,26.29757785467128,0,1,1,0,0,Y,N,N,N,N,N,N,130,80,1,N,N,N,N,1,N,0,N,N,N,N,0,0,0,0,N,N,N,100,1.0,62,70,44.0,22,16,15.0,4.0,143,5800,44,52,166,55,0,mild,0,0,0,0
66,62,185,Male,18.115412710007302,0,0,0,0,0,N,N,N,N,N,N,Y,120,70,0,N,N,N,N,1,Y,1,N,N,N,N,0,0,0,0,N,N,N,76,0.9,43,117,44.0,15,37,12.4,4.3,138,7100,17,76,181,45,0,mild,0,0,0,0
55,70,161,Fmale,27.005130974885226,1,1,0,0,0,Y,N,N,N,N,N,Y,150,80,0,N,N,N,N,1,N,0,N,N,N,N,1,0,0,0,N,Y,N,153,1.2,115,57,31.0,21,30,13.0,4.9,142,10000,31,53,220,50,0,N,1,1,0,0
64,95,165,Male,34.894398530762174,0,0,0,0,0,Y,N,Y,N,N,N,N,110,70,0,N,N,N,N,0,Y,0,Y,N,N,N,0,0,1,1,N,N,N,93,1.4,108,72,29.0,22,11,15.8,4.2,140,8800,26,68,200,30,0,mild,0,0,0,0
53,83,178,Male,26.19618735008206,0,1,0,0,0,Y,N,N,N,N,N,N,140,70,0,N,N,N,N,0,N,0,Y,N,N,N,0,0,0,0,N,N,N,164,1.2,131,108,36.0,24,3,13.5,4.3,138,9800,43,55,172,55,0,N,0,0,0,0
50,65,170,Male,22.49134948096886,0,0,1,0,1,N,N,N,N,N,N,Y,130,70,0,N,N,N,N,0,N,0,Y,N,N,N,0,0,0,0,N,N,N,102,1.4,162,110,31.0,15,5,14.2,4.1,138,7400,53,44,264,55,0,N,1,1,1,1
62,63,161,Male,24.3046178773967,1,1,0,0,0,N,N,N,N,N,N,N,150,70,0,N,N,N,N,0,Y,0,N,N,N,N,0,0,0,0,N,N,N,180,1.0,250,125,40.0,22,29,14.0,3.9,144,9600,11,77,187,50,1,N,1,1,1,1
48,83,165,Male,30.48668503213958,0,1,1,0,0,Y,N,N,N,N,N,N,130,70,0,N,N,N,N,1,Y,0,N,N,N,N,0,0,1,1,N,N,N,120,1.0,470,81,38.0,15,6,15.9,4.1,139,5800,46,48,195,55,0,mild,1,0,0,1
77,84,172,Male,28.393726338561386,0,1,0,1,0,Y,N,N,N,N,N,N,120,70,0,N,N,N,N,1,N,0,N,N,N,N,0,0,0,1,N,N,N,94,1.2,64,66,26.0,14,16,9.0,4.2,139,4800,32,60,197,50,0,N,1,1,1,1
54,70,170,Fmale,24.221453287197235,0,0,0,0,0,N,N,N,N,N,N,Y,120,80,0,N,N,N,N,1,N,2,N,N,N,N,1,0,0,0,N,N,N,122,0.9,100,88,27.0,11,27,12.0,4.0,138,6900,37,58,218,55,0,N,1,1,1,0
56,62,155,Fmale,25.806451612903224,0,1,0,0,1,Y,N,N,N,N,N,Y,130,75,0,N,N,N,N,1,N,2,N,N,N,N,0,0,0,0,N,N,N,88,1.3,100,180,64.0,18,18,13.3,4.1,140,4900,40,51,218,55,0,mild,1,1,0,1
75,74,174,Male,24.441802087462015,0,1,0,0,0,N,N,N,N,N,N,Y,140,70,0,N,N,N,N,1,N,0,N,N,N,N,0,0,1,1,N,N,N,79,1.4,152,79,37.0,17,21,12.0,4.3,137,5100,38,60,166,35,3,N,1,1,0,0
48,97,154,Fmale,40.90065778377467,1,0,0,0,0,Y,N,N,N,N,N,N,120,75,0,N,N,N,N,1,Y,2,N,N,N,N,0,0,0,0,N,N,N,212,0.8,105,50,27.0,10,37,13.0,4.9,140,9000,33,59,217,45,2,mild,1,1,1,1
47,72,169,Male,25.209201358495854,0,0,1,0,0,Y,N,N,N,N,N,N,100,80,0,N,N,N,N,1,Y,0,N,N,N,N,0,0,1,0,N,N,N,84,1.0,114,78,39.0,18,15,12.2,4.4,138,11500,26,70,278,50,0,mild,1,1,0,0
55,71,155,Male,29.552549427679498,0,0,0,0,1,Y,N,N,N,N,N,N,120,70,0,N,N,N,N,0,N,0,Y,N,N,N,0,0,0,0,N,N,N,90,1.3,84,75,50.0,22,18,13.3,3.4,138,4700,41,46,169,50,0,N,1,1,0,0
52,73,170,Male,25.25951557093426,0,0,1,0,0,Y,N,N,N,N,N,N,130,74,0,N,N,N,N,1,Y,0,N,N,N,N,0,0,1,1,N,N,N,84,1.0,210,90,30.0,12,5,13.3,4.5,139,7100,38,52,159,30,2,N,1,1,0,0
63,72,165,Male,26.44628099173554,0,1,0,0,0,Y,N,N,N,N,N,N,140,80,0,N,N,N,N,0,N,0,Y,N,N,N,0,0,0,1,N,N,N,85,1.2,99,89,39.0,16,36,12.2,4.2,140,5700,39,51,180,55,0,N,1,1,1,0
62,105,180,Fmale,32.407407407407405,1,1,1,0,0,Y,N,N,N,N,N,Y,140,80,0,N,N,N,N,1,N,0,N,N,N,N,0,0,1,1,N,N,N,377,1.6,399,106,38.0,36,23,13.1,4.3,138,11000,32,60,189,40,0,mild,1,1,1,1
51,80,150,Fmale,35.55555555555556,0,1,0,0,0,Y,N,N,N,Y,N,N,140,70,0,N,N,N,N,0,Y,0,Y,N,N,N,0,0,0,0,Y,N,N,90,0.8,90,110,60.0,12,9,10.0,4.1,141,6600,28,68,260,55,0,N,0,0,0,0
62,84,169,Male,29.410734918245165,0,1,0,1,0,Y,N,N,N,N,N,N,140,70,0,N,N,Y,N,1,N,3,N,N,N,N,0,0,0,1,N,N,N,96,1.3,210,104,31.0,11,51,14.3,4.5,144,9400,42,54,165,45,3,Moderate,1,1,1,1
54,68,166,Male,24.677021338365513,0,1,0,1,0,N,N,N,N,N,N,N,140,70,0,N,N,N,N,1,Y,0,N,N,N,N,1,0,0,0,N,N,N,90,1.2,190,140,51.0,14,19,14.2,4.0,139,6600,28,65,174,25,0,Moderate,1,1,1,1
49,53,155,Fmale,22.060353798126947,0,0,0,0,0,N,N,N,N,Y,N,N,130,85,0,N,N,Y,N,0,N,0,Y,N,N,N,0,0,1,1,N,N,N,126,0.8,157,71,36.0,11,3,11.1,4.1,145,13000,26,67,283,45,0,mild,1,1,0,0
51,74,169,Male,25.909456951787405,0,0,1,0,0,Y,N,N,N,N,N,Y,110,70,0,N,N,N,N,1,N,0,N,N,N,N,0,0,0,0,N,N,RBBB,110,1.1,166,180,111.0,13,17,13.4,3.9,140,8500,32,59,263,45,0,mild,1,1,0,1
48,89,155,Fmale,37.04474505723204,0,0,0,0,0,Y,N,N,N,N,N,Y,120,80,0,N,N,N,N,1,Y,0,N,N,N,N,0,0,1,0,N,N,N,140,0.9,46,142,83.0,9,67,11.3,4.1,143,6400,24,74,309,55,0,N,0,0,0,0
38,75,169,Male,26.25958474843318,0,0,0,0,0,Y,N,N,N,N,N,N,130,80,0,N,N,N,N,0,Y,0,N,Y,N,N,0,0,0,0,N,N,N,97,1.0,209,80,28.0,26,3,13.7,4.3,146,6200,37,56,228,55,0,N,0,0,0,0
53,61,162,Male,23.243408017070564,1,1,0,0,0,N,N,N,N,N,N,N,140,70,0,N,N,Y,N,1,Y,0,N,N,N,N,0,0,0,0,N,Y,N,151,0.8,680,56,39.0,17,25,11.0,3.9,138,5100,35,58,170,25,0,Moderate,1,1,1,1
49,78,172,Male,26.365603028664147,0,0,0,0,0,Y,N,N,N,N,N,N,100,70,0,N,N,N,N,0,N,0,Y,N,N,N,0,0,0,0,N,N,N,90,1.1,98,129,52.0,15,15,14.7,4.1,141,7900,32,58,252,55,0,N,0,0,0,0
51,75,164,Male,27.885187388459254,0,0,0,0,0,Y,N,N,N,N,N,N,120,80,0,N,N,N,N,0,Y,0,Y,N,N,N,0,0,0,0,N,N,RBBB,83,1.0,88,67,44.0,12,10,12.3,3.8,143,5800,20,71,242,55,0,mild,0,0,0,0
50,98,176,Male,31.63739669421488,0,1,0,1,0,Y,N,N,N,N,N,N,160,60,1,N,N,N,N,0,Y,0,N,Y,N,N,0,0,0,1,N,N,N,94,1.6,74,90,49.0,14,1,13.6,3.4,140,5200,34,57,224,55,0,mild,0,0,0,0
52,60,154,Fmale,25.2993759487266,1,1,0,0,0,Y,N,N,N,N,N,N,140,75,0,N,N,N,N,1,Y,0,N,N,N,N,0,0,0,0,N,N,N,208,0.9,115,135,28.0,11,23,12.4,4.6,138,6600,27,67,205,60,0,mild,1,0,1,1
61,92,175,Male,30.040816326530614,0,0,1,0,0,Y,N,N,N,N,N,N,130,75,0,N,N,N,N,1,N,0,N,N,N,N,0,0,0,0,N,N,N,108,0.8,130,108,39.0,17,3,14.0,4.2,139,5900,22,65,170,45,0,mild,1,1,1,0
56,72,163,Fmale,27.09925100681245,0,0,0,0,0,Y,N,N,N,N,N,Y,120,70,0,N,N,N,N,0,N,0,Y,N,N,N,0,0,1,0,N,N,N,80,0.8,55,101,44.0,19,8,12.8,3.9,142,7800,28,64,243,50,1,mild,0,0,0,0
48,80,167,Fmale,28.685144680698485,0,0,0,0,0,Y,N,N,N,N,N,Y,130,80,0,N,N,N,N,0,N,0,Y,N,N,N,0,0,0,0,N,N,N,83,1.1,76,90,45.0,15,20,11.0,4.0,140,8200,30,60,330,55,0,N,0,0,0,0
64,65,165,Male,23.875114784205696,0,0,1,0,0,N,N,N,N,N,N,N,130,80,0,N,N,N,N,1,Y,2,N,N,N,N,0,0,0,0,N,N,LBBB,88,1.0,70,58,31.0,13,13,11.2,4.3,141,8500,13,79,183,25,4,Moderate,1,1,0,0
76,60,164,Male,22.308149910767405,0,0,0,1,0,N,N,N,N,N,N,N,130,70,0,N,N,N,N,0,Y,0,N,N,N,N,0,0,1,0,N,N,N,96,1.1,90,145,48.0,25,12,12.1,4.3,131,7100,32,61,158,50,0,mild,0,0,0,0
76,75,152,Fmale,32.46191135734072,1,1,0,0,0,Y,N,N,N,N,N,N,140,80,0,N,N,N,N,1,Y,3,N,N,N,N,0,0,0,0,N,N,N,160,1.9,236,141,52.0,31,37,13.0,3.9,140,7400,21,69,175,50,0,mild,1,1,1,1
55,71,150,Fmale,31.555555555555557,1,1,0,0,0,Y,N,N,N,N,N,Y,150,100,0,N,N,N,N,1,Y,0,N,N,N,N,0,0,1,1,N,N,N,256,1.0,172,70,26.0,16,56,9.0,4.3,141,14000,20,75,213,40,2,mild,1,1,0,1
60,65,160,Fmale,25.390624999999996,0,1,0,0,0,Y,N,N,N,N,N,N,140,70,0,N,N,N,N,1,N,0,N,N,N,N,0,0,0,1,N,N,N,95,0.9,103,75,38.0,12,64,13.2,4.2,138,6300,34,60,196,50,0,mild,1,1,0,1
55,66,152,Fmale,28.566481994459835,0,0,0,0,0,Y,N,N,N,N,N,Y,100,70,0,N,N,N,N,0,N,0,Y,N,N,N,0,0,1,1,N,N,N,92,1.1,244,160,36.0,18,31,13.9,4.3,144,5100,60,40,250,55,0,N,0,0,0,0
75,58,160,Fmale,22.656249999999996,0,1,0,0,0,N,N,N,N,N,N,N,140,90,0,N,N,N,N,1,N,0,N,N,N,N,0,0,0,1,N,N,N,87,1.2,83,30,27.0,20,32,14.5,4.3,133,5500,31,62,211,40,1,mild,1,1,0,0
73,74,160,Fmale,28.906249999999993,0,1,0,0,0,Y,N,N,N,Y,N,Y,130,70,0,N,N,N,N,1,N,0,N,N,N,N,0,0,0,0,N,N,N,85,1.2,151,72,36.0,17,20,13.0,4.6,138,7000,41,54,188,50,0,N,1,0,0,1
46,71,160,Fmale,27.734374999999993,1,1,0,0,1,Y,N,N,N,N,N,N,140,90,0,N,N,N,N,1,N,0,N,N,N,N,0,0,0,1,N,N,N,114,0.7,242,147,50.0,11,18,12.4,3.8,144,7700,55,40,240,55,0,mild,1,0,1,0
49,66,167,Male,23.66524436157625,0,0,1,0,0,N,N,N,N,N,N,N,120,70,0,N,N,N,N,0,N,0,Y,N,N,N,0,0,0,0,N,N,N,121,1.2,373,156,36.0,14,7,13.1,4.2,142,17800,9,89,336,55,0,N,0,0,0,0
71,69,156,Fmale,28.353057199211044,1,1,0,0,0,Y,N,N,N,N,N,Y,160,90,1,N,N,N,N,0,Y,0,Y,N,N,N,0,0,1,0,N,N,N,160,1.0,292,128,46.0,12,15,11.2,4.8,143,5200,25,65,209,55,0,N,1,1,1,0
55,92,173,Male,30.73941661933242,0,0,0,0,0,Y,N,N,N,N,N,N,120,80,0,N,N,N,N,1,N,2,N,N,N,N,0,0,0,0,N,N,N,125,1.2,158,95,34.0,14,5,13.6,4.0,139,5200,18,72,131,50,0,mild,1,0,0,1
70,70,161,Fmale,27.005130974885226,0,1,0,0,0,Y,N,N,N,N,N,N,140,70,0,N,N,N,N,0,N,0,N,Y,N,N,0,0,0,1,N,N,N,98,1.0,166,122,40.0,11,10,13.2,4.4,143,5500,31,57,182,50,0,mild,0,0,0,0
56,60,158,Fmale,24.034609838166958,0,0,0,0,0,N,N,N,N,N,N,Y,100,70,0,N,N,N,N,0,N,0,Y,N,N,N,0,0,0,0,N,N,N,104,0.8,227,127,47.0,16,19,12.6,4.3,140,7400,23,70,270,55,0,N,0,0,0,0
50,80,175,Male,26.122448979591837,0,1,0,0,0,Y,N,N,N,N,N,N,140,80,0,N,N,N,N,0,Y,0,N,N,N,N,0,0,0,0,Y,N,N,86,1.3,114,125,44.0,12,17,14.9,3.9,153,5700,36,57,190,50,0,mild,0,0,0,0
56,62,154,Fmale,26.14268848035082,0,0,0,0,0,Y,N,N,N,N,N,Y,110,70,0,N,N,N,N,0,N,0,Y,N,N,N,0,0,0,1,N,N,N,151,1.4,124,80,45.0,41,19,13.9,4.5,138,5700,37,55,240,45,0,Moderate,0,0,0,0
67,75,155,Fmale,31.217481789802285,0,0,0,0,0,Y,N,N,N,N,N,Y,110,70,0,N,N,N,N,0,Y,0,N,N,N,N,0,0,1,1,N,N,N,93,0.8,90,112,42.0,11,20,13.8,3.8,141,8700,36,51,196,55,0,mild,0,0,0,0
59,79,159,Male,31.24876389383331,0,0,0,0,0,Y,N,N,N,N,N,N,100,60,0,N,N,N,N,0,N,0,Y,N,N,N,0,0,0,0,N,N,N,90,1.1,450,90,30.0,14,5,15.2,3.6,141,6500,36,59,177,50,0,mild,0,0,0,0
64,70,175,Male,22.857142857142858,1,0,1,0,0,N,N,N,N,N,N,Y,100,80,0,N,N,Y,N,0,Y,3,Y,N,N,N,0,0,1,1,N,N,N,112,0.8,147,82,25.0,20,67,12.3,3.7,140,11300,23,70,266,50,0,Moderate,1,1,1,1
30,100,172,Male,33.802055164954034,0,0,1,0,1,Y,N,N,N,N,N,N,110,60,0,N,N,N,N,0,N,0,Y,N,N,N,0,0,0,0,N,N,N,83,1.0,205,97,53.0,20,16,13.1,4.0,143,9100,39,60,294,55,1,N,0,0,0,0
58,84,168,Male,29.761904761904766,0,0,0,0,0,Y,N,N,N,N,N,N,100,76,0,N,N,N,N,1,N,0,N,N,N,N,0,0,0,0,N,N,N,92,1.0,112,115,44.0,13,13,12.3,4.8,146,8500,34,58,251,45,0,N,1,1,1,1
48,77,160,Fmale,30.078124999999993,0,1,0,0,1,Y,N,N,N,N,N,N,130,70,0,N,N,N,N,0,N,0,N,Y,N,N,0,0,0,0,N,N,RBBB,83,1.0,93,112,42.0,13,20,12.8,4.0,140,9000,35,55,279,55,0,N,0,0,0,0
57,90,159,Fmale,35.59985760056959,1,0,0,0,0,Y,N,N,N,N,N,N,100,60,0,N,N,N,N,0,Y,0,Y,N,N,N,0,0,0,0,N,N,N,96,1.0,116,130,49.0,14,31,10.1,3.8,141,3800,48,40,208,55,0,N,0,0,0,0
56,85,170,Fmale,29.411764705882355,0,1,1,0,0,Y,N,N,N,N,N,N,120,80,0,N,N,N,N,1,N,0,N,N,N,N,0,0,0,1,N,N,N,78,0.7,139,124,34.0,16,13,14.7,4.4,147,6000,32,55,302,55,0,N,1,1,0,0
